<?xml version="1.0" encoding="utf-8"?>
<browserconfig>
    <msapplication>
        <tile>
            <square70x70logo src="typo3conf/ext/mysearchsite/Resources/Public/Favicons/mstile-70x70.png"/>
            <square150x150logo src="typo3conf/ext/mysearchsite/Resources/Public/Favicons/mstile-150x150.png"/>
            <square310x310logo src="typo3conf/ext/mysearchsite/Resources/Public/Favicons/mstile-310x310.png"/>
            <wide310x150logo src="typo3conf/ext/mysearchsite/Resources/Public/Favicons/mstile-310x150.png"/>
            <TileColor>#97f1ae</TileColor>
        </tile>
    </msapplication>
</browserconfig>
